task,assignee_enum,due_date,status_enum
Test1,Me,Tomorrow,Open
Test,You,Tomorrow,In Progress
Test,Me,Tomorrow,Completed
Test,Me,Tomorrow,Abandoned
Test,Me,Tomorrow,Open
Test8,You,Tomorrow,In Progress
Test,Me,Tomorrow,Completed
Test,Me,Tomorrow,Abandoned
Test,Me,Tomorrow,Open
Test,You,Tomorrow,In Progress
Test11,Me,Tomorrow,Completed
Test,Me,Tomorrow,Abandoned
Test,Me,Tomorrow,Open
Test,You,Tomorrow,In Progress
Test,Me,Tomorrow,Completed
Test,Me,Tomorrow,Abandoned
Test17,Me,Tomorrow,Open
Test,You,Tomorrow,In Progress
Test,Me,Tomorrow,Completed
Test,Me,Tomorrow,Abandoned
Test,Me,Tomorrow,Open
Test,You,Tomorrow,In Progress
Test,Me,Tomorrow,Completed
Test,Me,Tomorrow,Abandoned
Test,Me,Tomorrow,Open
Test,You,Tomorrow,In Progress
Test27,Me,Tomorrow,Completed
Test,Me,Tomorrow,Abandoned
Test,Me,Tomorrow,Open
Test,You,Tomorrow,In Progress
Test,Me,Tomorrow,Completed
Test32,Me,Tomorrow,Abandoned
Test,Me,Tomorrow,Open
Test,You,Tomorrow,In Progress
Test,Me,Tomorrow,Completed
Test,Me,Tomorrow,Abandoned
Test37,Me,Tomorrow,Open
Test,You,Tomorrow,In Progress
Test,Me,Tomorrow,Completed
Test,Me,Tomorrow,Abandoned
Test,Me,Tomorrow,Open
Test,You,Tomorrow,In Progress
Test43,Me,Tomorrow,Completed
Test,Me,Tomorrow,Abandoned
Test,Me,Tomorrow,Open
Test,You,Tomorrow,In Progress
Test,Me,Tomorrow,Completed
Test,Me,Tomorrow,Abandoned
Test49,Me,Tomorrow,Open
Test,You,Tomorrow,In Progress
Test,Me,Tomorrow,Completed
Test,Me,Tomorrow,Abandoned
Test53,Me,Tomorrow,Open
Test,You,Tomorrow,In Progress
Test,Me,Tomorrow,Completed
Test,Me,Tomorrow,Abandoned
Test57,Me,Tomorrow,Open
Test,You,Tomorrow,In Progress
Test,Me,Tomorrow,Completed
Test,Me,Tomorrow,Abandoned
Test,Me,Tomorrow,Open
Test62,You,Tomorrow,In Progress
Test,Me,Tomorrow,Completed
Test,Me,Tomorrow,Abandoned
Test,Me,Tomorrow,Open
Test66,You,Tomorrow,In Progress
Test,Me,Tomorrow,Completed
Test,Me,Tomorrow,Abandoned
Test,Me,Tomorrow,Open
Test,You,Tomorrow,In Progress
Test71,Me,Tomorrow,Completed
Test,Me,Tomorrow,Abandoned
Test,Me,Tomorrow,Open
Test,You,Tomorrow,In Progress
Test,Me,Tomorrow,Completed
Test,Me,Tomorrow,Abandoned
Test77,Me,Tomorrow,Open
Test,You,Tomorrow,In Progress
Test,Me,Tomorrow,Completed
Test,Me,Tomorrow,Abandoned
Test,Me,Tomorrow,Open
Test,You,Tomorrow,In Progress
Test83,Me,Tomorrow,Completed
Test,Me,Tomorrow,Abandoned
Test,Me,Tomorrow,Open
Test,You,Tomorrow,In Progress
Test87,Me,Tomorrow,Completed
Test,Me,Tomorrow,Abandoned