task,assignee_enum_id,due_date,status_enum_id
Test1,1,Tomorrow,1
Test,2,Tomorrow,2
Test,1,Tomorrow,3
Test,1,Tomorrow,4
Test,1,Tomorrow,1
Test8,2,Tomorrow,2
Test,1,Tomorrow,3
Test,1,Tomorrow,4
Test,1,Tomorrow,1
Test,2,Tomorrow,2
Test11,1,Tomorrow,3
Test,1,Tomorrow,4
Test,1,Tomorrow,1
Test,2,Tomorrow,2
Test,1,Tomorrow,3
Test,1,Tomorrow,4
Test17,1,Tomorrow,1
Test,2,Tomorrow,2
Test,1,Tomorrow,3
Test,1,Tomorrow,4
Test,1,Tomorrow,1
Test,2,Tomorrow,2
Test,1,Tomorrow,3
Test,1,Tomorrow,4
Test,1,Tomorrow,1
Test,2,Tomorrow,2
Test27,1,Tomorrow,3
Test,1,Tomorrow,4
Test,1,Tomorrow,1
Test,2,Tomorrow,2
Test,1,Tomorrow,3
Test32,1,Tomorrow,4
Test,1,Tomorrow,1
Test,2,Tomorrow,2
Test,1,Tomorrow,3
Test,1,Tomorrow,4
Test37,1,Tomorrow,1
Test,2,Tomorrow,2
Test,1,Tomorrow,3
Test,1,Tomorrow,4
Test,1,Tomorrow,1
Test,2,Tomorrow,2
Test43,1,Tomorrow,3
Test,1,Tomorrow,4
Test,1,Tomorrow,1
Test,2,Tomorrow,2
Test,1,Tomorrow,3
Test,1,Tomorrow,4
Test49,1,Tomorrow,1
Test,2,Tomorrow,2
Test,1,Tomorrow,3
Test,1,Tomorrow,4
Test53,1,Tomorrow,1
Test,2,Tomorrow,2
Test,1,Tomorrow,3
Test,1,Tomorrow,4
Test57,1,Tomorrow,1
Test,2,Tomorrow,2
Test,1,Tomorrow,3
Test,1,Tomorrow,4
Test,1,Tomorrow,1
Test62,2,Tomorrow,2
Test,1,Tomorrow,3
Test,1,Tomorrow,4
Test,1,Tomorrow,1
Test66,2,Tomorrow,2
Test,1,Tomorrow,3
Test,1,Tomorrow,4
Test,1,Tomorrow,1
Test,2,Tomorrow,2
Test71,1,Tomorrow,3
Test,1,Tomorrow,4
Test,1,Tomorrow,1
Test,2,Tomorrow,2
Test,1,Tomorrow,3
Test,1,Tomorrow,4
Test77,1,Tomorrow,1
Test,2,Tomorrow,2
Test,1,Tomorrow,3
Test,1,Tomorrow,4
Test,1,Tomorrow,1
Test,2,Tomorrow,2
Test83,1,Tomorrow,3
Test,1,Tomorrow,4
Test,1,Tomorrow,1
Test,2,Tomorrow,2
Test87,1,Tomorrow,3
Test,1,Tomorrow,4
